{"planets":"{\"[3:242:7]\":{\"showWarning\":true,\"levels\":{\"metal\":54,\"crystal\":50,\"deuter\":48},\"construction\":{\"left\":17731,\"updateAt\":1721498312758},\"resources\":{\"metal\":{\"storage\":83471855370,\"production\":925589.0534075777,\"value\":679382357.2990451},\"crystal\":{\"storage\":83471855370,\"production\":246964.75674565902,\"value\":181272147.9680322},\"deuter\":{\"storage\":9056745874,\"production\":113626.22854366322,\"value\":174529860},\"updateAt\":1721498312773}},\"[1:145:7]\":{\"showWarning\":true,\"levels\":{\"metal\":54,\"crystal\":50,\"deuter\":48},\"construction\":{\"left\":2543,\"updateAt\":1721508425080},\"resources\":{\"metal\":{\"storage\":22073194418,\"production\":925589.0534075777,\"value\":21480589136.174965},\"crystal\":{\"storage\":14142499211,\"production\":246964.75674565902,\"value\":5400688479.648404},\"deuter\":{\"storage\":9056745874,\"production\":110601.95630105621,\"value\":3321465614.0386233},\"updateAt\":1721508425072}},\"[1:145:9]\":{\"showWarning\":false,\"levels\":{\"metal\":55,\"crystal\":50,\"deuter\":48},\"resources\":{\"metal\":{\"storage\":83471855370,\"production\":1088851.355189192,\"value\":1546168913.7103784},\"crystal\":{\"storage\":83471855370,\"production\":246964.75674565902,\"value\":350689976.51349133},\"deuter\":{\"storage\":53632567645,\"production\":120538.85081247923,\"value\":171165183.70162496},\"updateAt\":1721498195942}},\"[1:145:8]\":{\"showWarning\":true,\"levels\":{\"metal\":54,\"crystal\":50,\"deuter\":48},\"construction\":{\"left\":2553,\"updateAt\":1721508403322},\"resources\":{\"metal\":{\"storage\":22073194418,\"production\":925589.0534075777,\"value\":20440834721.694298},\"crystal\":{\"storage\":14142499211,\"production\":246964.75674565902,\"value\":2870965518.8376937},\"deuter\":{\"storage\":9056745874,\"production\":117946.61746167323,\"value\":1371129567.0270019},\"updateAt\":1721508403317}},\"[1:145:4]\":{\"showWarning\":false,\"levels\":{\"metal\":57,\"crystal\":51,\"deuter\":48},\"resources\":{\"metal\":{\"storage\":201532067144,\"production\":1331676.3078723755,\"value\":143619521054.61575},\"crystal\":{\"storage\":83471855370,\"production\":334590.22635412,\"value\":37638950793.452705},\"deuter\":{\"storage\":129771163909,\"production\":101529.1395732352,\"value\":18291320110.27915},\"updateAt\":1721509041723}},\"[1:338:7]\":{\"showWarning\":true,\"levels\":{\"metal\":53,\"crystal\":50,\"deuter\":48},\"construction\":{\"left\":12328,\"updateAt\":1721502537619},\"resources\":{\"metal\":{\"storage\":83471855370,\"production\":786536.6378964505,\"value\":3960212040.5950675},\"crystal\":{\"storage\":53632567645,\"production\":246964.75674565902,\"value\":1243467653.6369023},\"deuter\":{\"storage\":9056745874,\"production\":112330.11186826022,\"value\":646909054},\"updateAt\":1721502537626}},\"[2:241:9]\":{\"showWarning\":false,\"levels\":{\"metal\":54,\"crystal\":50,\"deuter\":48},\"resources\":{\"metal\":{\"storage\":83471855370,\"production\":925589.0534075777,\"value\":3247891950.373853},\"crystal\":{\"storage\":83471855370,\"production\":246964.75674565902,\"value\":866599422.2972196},\"deuter\":{\"storage\":9056745874,\"production\":120970.88970428024,\"value\":424486896.22792995},\"updateAt\":1721500285505}},\"[2:241:7]\":{\"showWarning\":false,\"levels\":{\"metal\":55,\"crystal\":50,\"deuter\":48},\"resources\":{\"metal\":{\"storage\":83471855370,\"production\":1088851.355189192,\"value\":4041367720.710378},\"crystal\":{\"storage\":83471855370,\"production\":246964.75674565902,\"value\":352418731.51349133},\"deuter\":{\"storage\":14142499211,\"production\":112330.11186826022,\"value\":160295057.22373652},\"updateAt\":1721498203257}},\"[1:144:9]\":{\"showWarning\":false,\"levels\":{\"metal\":55,\"crystal\":50,\"deuter\":48},\"resources\":{\"metal\":{\"storage\":83471855370,\"production\":1004098.8031810018,\"value\":8685680272},\"crystal\":{\"storage\":83471855370,\"production\":227742.0045866089,\"value\":1838063167},\"deuter\":{\"storage\":34423710028,\"production\":113546.90589507944,\"value\":966131326},\"updateAt\":1721505727006}},\"[3:246:7]\":{\"showWarning\":true,\"levels\":{\"metal\":54,\"crystal\":50,\"deuter\":48},\"construction\":{\"left\":17730,\"updateAt\":1721499300839},\"resources\":{\"metal\":{\"storage\":83471855370,\"production\":925589.0534075777,\"value\":905226080.1602228},\"crystal\":{\"storage\":83471855370,\"production\":246964.75674565902,\"value\":241531561.27023697},\"deuter\":{\"storage\":9056745874,\"production\":112330.11186826022,\"value\":283970491.3356048},\"updateAt\":1721499304735}},\"[3:226:7]\":{\"showWarning\":true,\"levels\":{\"metal\":54,\"crystal\":50,\"deuter\":48},\"construction\":{\"left\":28408,\"updateAt\":1721508389872},\"resources\":{\"metal\":{\"storage\":83471855370,\"production\":925589.0534075777,\"value\":3893027483.602227},\"crystal\":{\"storage\":22073194418,\"production\":246964.75674565902,\"value\":1038733844.7023698},\"deuter\":{\"storage\":9056745874,\"production\":112762.15076006122,\"value\":1238579353.5228019},\"updateAt\":1721508389867}},\"[1:236:9]\":{\"showWarning\":true,\"levels\":{\"metal\":54,\"crystal\":50,\"deuter\":48},\"construction\":{\"left\":5059,\"updateAt\":1721505883009},\"resources\":{\"metal\":{\"storage\":14142499211,\"production\":925589.0534075777,\"value\":13507586821.427261},\"crystal\":{\"storage\":9056745874,\"production\":246964.75674565902,\"value\":2248614284.053965},\"deuter\":{\"storage\":5799883738,\"production\":122267.00637968324,\"value\":1113241053.0510375},\"updateAt\":1721505883022}},\"[3:189:9]\":{\"showWarning\":true,\"levels\":{\"metal\":54,\"crystal\":50,\"deuter\":48},\"construction\":{\"left\":17302,\"updateAt\":1721499744600},\"resources\":{\"metal\":{\"storage\":83471855370,\"production\":925589.0534075777,\"value\":1283792001.1602228},\"crystal\":{\"storage\":53632567645,\"production\":246964.75674565902,\"value\":342540144.27023697},\"deuter\":{\"storage\":9056745874,\"production\":122699.04527148424,\"value\":364538830.1358144},\"updateAt\":1721499746759}},\"[1:287:9]\":{\"showWarning\":false,\"levels\":{\"metal\":54,\"crystal\":50,\"deuter\":48},\"resources\":{\"metal\":{\"storage\":83471855370,\"production\":925589.0534075777,\"value\":1330071457.106815},\"crystal\":{\"storage\":53632567645,\"production\":246964.75674565902,\"value\":354888381.51349133},\"deuter\":{\"storage\":9056745874,\"production\":121834.96748788224,\"value\":175076857.93497577},\"updateAt\":1721498213557}},\"[1:212:8]\":{\"showWarning\":false,\"levels\":{\"metal\":54,\"crystal\":50,\"deuter\":48},\"resources\":{\"metal\":{\"storage\":83471855370,\"production\":925589.0534075777,\"value\":1333773813.106815},\"crystal\":{\"storage\":34423710028,\"production\":246964.75674565902,\"value\":355876241.51349133},\"deuter\":{\"storage\":9056745874,\"production\":117946.61746167323,\"value\":169961086.23492333},\"updateAt\":1721498217250}},\"[1:374:7]\":{\"showWarning\":false,\"levels\":{\"metal\":54,\"crystal\":50,\"deuter\":48},\"resources\":{\"metal\":{\"storage\":83471855370,\"production\":925589.0534075777,\"value\":1335624991.106815},\"crystal\":{\"storage\":22073194418,\"production\":246964.75674565902,\"value\":356370171.51349133},\"deuter\":{\"storage\":9056745874,\"production\":111898.07297645923,\"value\":161468905.1459529},\"updateAt\":1721498219076}},\"[1:56:9]\":{\"showWarning\":false,\"levels\":{\"metal\":54,\"crystal\":50,\"deuter\":48},\"resources\":{\"metal\":{\"storage\":83471855370,\"production\":925589.0534075777,\"value\":1898383123.0681515},\"crystal\":{\"storage\":14142499211,\"production\":246964.75674565902,\"value\":506524773.1349132},\"deuter\":{\"storage\":9056745874,\"production\":119674.77302887723,\"value\":245453008.46057755},\"updateAt\":1721498827159}},\"[1:346:9]\":{\"showWarning\":false,\"levels\":{\"metal\":54,\"crystal\":50,\"deuter\":48},\"resources\":{\"metal\":{\"storage\":83471855370,\"production\":925589.0534075777,