{"script_state":0,"script_pathname":"/hangar","planets":"{\"[3:242:7]\":{\"showWarning\":true,\"levels\":{\"metal\":57,\"crystal\":52,\"deuter\":50},\"construction\":{\"left\":32107,\"updateAt\":1721806505237},\"resources\":{\"metal\":{\"storage\":83471855370,\"production\":1741507.8847197134,\"value\":1137935861.6953635},\"crystal\":{\"storage\":83471855370,\"production\":389458.0907261707,\"value\":297182700.5794872},\"deuter\":{\"storage\":9056745874,\"production\":179474.26414670795,\"value\":240082609},\"updateAt\":1721806505244}},\"[1:145:7]\":{\"showWarning\":true,\"levels\":{\"metal\":58,\"crystal\":52,\"deuter\":50},\"construction\":{\"left\":5009,\"updateAt\":1721814938916},\"resources\":{\"metal\":{\"storage\":83471855370,\"production\":2046728.7416205895,\"value\":566943855.125582},\"crystal\":{\"storage\":83471855370,\"production\":389458.0907261707,\"value\":107879883.062791},\"deuter\":{\"storage\":83471855370,\"production\":174697.3825914724,\"value\":114426774},\"updateAt\":1721814938931}},\"[1:145:9]\":{\"showWarning\":true,\"levels\":{\"metal\":58,\"crystal\":52,\"deuter\":50},\"construction\":{\"left\":5009,\"updateAt\":1721814942315},\"resources\":{\"metal\":{\"storage\":83471855370,\"production\":2046728.7416205895,\"value\":562850399.125582},\"crystal\":{\"storage\":83471855370,\"production\":389458.0907261707,\"value\":107100967.062791},\"deuter\":{\"storage\":53632567645,\"production\":190392.85055867498,\"value\":125468916},\"updateAt\":1721814942325}},\"[1:145:8]\":{\"showWarning\":true,\"levels\":{\"metal\":58,\"crystal\":52,\"deuter\":50},\"construction\":{\"left\":5009,\"updateAt\":1721814935384},\"resources\":{\"metal\":{\"storage\":83471855370,\"production\":2046728.7416205895,\"value\":583317684.125582},\"crystal\":{\"storage\":83471855370,\"production\":389458.0907261707,\"value\":110995547.062791},\"deuter\":{\"storage\":83471855370,\"production\":186298.38065418735,\"value\":121466534},\"updateAt\":1721814935392}},\"[1:145:4]\":{\"showWarning\":false,\"levels\":{\"metal\":59,\"crystal\":54,\"deuter\":50},\"resources\":{\"metal\":{\"storage\":312642707638,\"production\":2138186.5074472497,\"value\":1795985987.089367},\"crystal\":{\"storage\":484513971840,\"production\":623699.9354695332,\"value\":523870005.2256344},\"deuter\":{\"storage\":201532067144,\"production\":161205.03765355324,\"value\":2968566455.451843},\"updateAt\":1721815890064}},\"[1:338:7]\":{\"showWarning\":true,\"levels\":{\"metal\":57,\"crystal\":52,\"deuter\":49},\"construction\":{\"left\":32107,\"updateAt\":1721810243830},\"resources\":{\"metal\":{\"storage\":83471855370,\"production\":1741507.8847197134,\"value\":823733231.6953636},\"crystal\":{\"storage\":53632567645,\"production\":389458.0907261707,\"value\":345449322.5794872},\"deuter\":{\"storage\":9056745874,\"production\":150544.1459831817,\"value\":768377288},\"updateAt\":1721810243838}},\"[2:241:9]\":{\"showWarning\":true,\"levels\":{\"metal\":57,\"crystal\":52,\"deuter\":50},\"construction\":{\"left\":4830,\"updateAt\":1721815358131},\"resources\":{\"metal\":{\"storage\":83471855370,\"production\":1750452.4167419,\"value\":1122479216.6669676},\"crystal\":{\"storage\":83471855370,\"production\":391493.9210488376,\"value\":251026795.68419534},\"deuter\":{\"storage\":9056745874,\"production\":192074.08741699962,\"value\":205511800.349668},\"updateAt\":1721815358128}},\"[2:241:7]\":{\"showWarning\":true,\"levels\":{\"metal\":58,\"crystal\":52,\"deuter\":50},\"construction\":{\"left\":5009,\"updateAt\":1721815176384},\"resources\":{\"metal\":{\"storage\":83471855370,\"production\":2046728.7416205895,\"value\":959915771.125582},\"crystal\":{\"storage\":83471855370,\"production\":389458.0907261707,\"value\":182655832.062791},\"deuter\":{\"storage\":14142499211,\"production\":177427.02919446415,\"value\":158442320},\"updateAt\":1721815176390}},\"[1:144:9]\":{\"showWarning\":true,\"levels\":{\"metal\":58,\"crystal\":52,\"deuter\":50},\"construction\":{\"left\":5009,\"updateAt\":1721814951359},\"resources\":{\"metal\":{\"storage\":83471855370,\"production\":2046728.7416205895,\"value\":538289654.125582},\"crystal\":{\"storage\":83471855370,\"production\":389458.0907261707,\"value\":102427470.062791},\"deuter\":{\"storage\":34423710028,\"production\":194487.3204631626,\"value\":129917531},\"updateAt\":1721814951369}},\"[3:246:7]\":{\"showWarning\":true,\"levels\":{\"metal\":57,\"crystal\":52,\"deuter\":50},\"construction\":{\"left\":24126,\"updateAt\":1721814258398},\"resources\":{\"metal\":{\"storage\":83471855370,\"production\":1741507.8847197134,\"value\":4621961934.65416},\"crystal\":{\"storage\":83471855370,\"production\":389458.0907261707,\"value\":1033621769.2721785},\"deuter\":{\"storage\":9056745874,\"production\":177427.02919446415,\"value\":470891332.08758336},\"updateAt\":1721814258393}},\"[3:226:7]\":{\"showWarning\":true,\"levels\":{\"metal\":57,\"crystal\":52,\"deuter\":50},\"construction\":{\"left\":32107,\"updateAt\":1721808243645},\"resources\":{\"metal\":{\"storage\":83471855370,\"production\":1741507.8847197134,\"value\":1121531080.6953635},\"crystal\":{\"storage\":22073194418,\"production\":389458.0907261707,\"value\":250811008.5794872},\"deuter\":{\"storage\":9056745874,\"production\":178109.44084521208,\"value\":551889001},\"updateAt\":1721808243654}},\"[1:236:9]\":{\"showWarning\":true,\"levels\":{\"metal\":58,\"crystal\":52,\"deuter\":50},\"construction\":{\"left\":5009,\"updateAt\":1721815069430},\"resources\":{\"metal\":{\"storage\":83471855370,\"production\":2046728.7416205895,\"value\":875999891.125582},\"crystal\":{\"storage\":83471855370,\"production\":389458.0907261707,\"value\":166688048.062791},\"deuter\":{\"storage\":53632567645,\"production\":193122.49716166675,\"value\":151794227},\"updateAt\":1721815069438}},\"[3:189:9]\":{\"showWarning\":true,\"levels\":{\"metal\":57,\"crystal\":52,\"deuter\":50},\"construction\":{\"left\":32107,\"updateAt\":1721808247403},\"resources\":{\"metal\":{\"storage\":83471855370,\"production\":1741507.8847197134,\"value\":1119789571.6953635},\"crystal\":{\"storage\":53632567645,\"production\":389458.0907261707,\"value\":373100847.5794872},\"deuter\":{\"storage\":9056745874,\"production\":193804.90881241468,\"value\":602345675},\"updateAt\":1721808247412}},\"[1:287:9]\":{\"showWarning\":true,\"levels\":{\"metal\":57,\"crystal\":52,\"deuter\":50},\"construction\":{\"left\":32106,\"updateAt\":1721810240251},\"resources\":{\"metal\":{\"storage\":83471855370,\"production\":1741507.8847197134,\"value\":729691806.6953636},\"crystal\":{\"storage\":53632567645,\"production\":389458.0907261707,\"value\":347786070.67021334},\"deuter\":{\"storage\":9056745874,\"production\":192440.08551091878,\"value\":331766700.0855109},\"updateAt\":1721810240259}},\"[1:212:8]\":{\"showWarning\":true,\"levels\":{\"metal\":57,\"crystal\":52,\"deuter\":50},\"construction\":{\"left\":30518,\"updateAt\":1721814726112},\"resources\":{\"metal\":{\"storage\":83471855370,\"production\":1741507.8847197134,\"value\":771488013.3083183},\"crystal\":{\"storage\":34423710028,\"production\":389458.0907261707,\"value\":172529921.54435703},\"deuter\":{\"storage\":9056745874,\"production\":186298.38065418735,\"value\":82530176.28392513},\"updateAt\":1721814726124}},\"[1:374:7]\":{\"showWarning\":true,\"levels\":{\"metal\":57,\"crystal\":52,\"deuter\":50},\"construction\":{\"left\":32107,\"updateAt\":1721815081336},\"resources\":{\"metal\":{\"storage\":83471855370,\"production\":1741507.8847197134,\"value\":884686031.6953636},\"crystal\":{\"storage\":22073194418,\"production\":389458.0907261707,\"value\":197844689.5794872},\"deuter\":{\"storage\":9056745874,\"production\":176744.6175437162,\"value\":141042220},\"updateAt\":1721815081343}},\"[1:56:9]\":{\"showWarning\":true,\"levels\":{\"metal\":57,\"crystal\":52,\"deuter\":50},\"construction\":{\"left\":32106,\"updateAt\":1721814928154},\"resources\":{\"metal\":{\"storage\":83471855370,\"production\":1741507.8847197134,