{"planets":"{\"[3:242:7]\":{\"showWarning\":true,\"levels\":{\"metal\":53,\"crystal\":50,\"deuter\":46},\"construction\":{\"left\":9254,\"updateAt\":1721335940358},\"resources\":{\"metal\":{\"storage\":22073194418,\"production\":521242.1747675823,\"value\":354965916.34953517},\"crystal\":{\"storage\":14142499211,\"production\":160534.49131298336,\"value\":109323963.98262596},\"deuter\":{\"storage\":9056745874,\"production\":53059.655239518404,\"value\":36133630.31047904},\"updateAt\":1721339643258}},\"[1:145:7]\":{\"showWarning\":true,\"levels\":{\"metal\":53,\"crystal\":50,\"deuter\":46},\"construction\":{\"left\":32031,\"updateAt\":1721335919491},\"resources\":{\"metal\":{\"storage\":22073194418,\"production\":521242.1747675823,\"value\":345583557.5243027},\"crystal\":{\"storage\":14142499211,\"production\":160534.49131298336,\"value\":106434344.47393896},\"deuter\":{\"storage\":9056745874,\"production\":51647.421069645294,\"value\":34242236.26320893},\"updateAt\":1721339625153}},\"[1:145:9]\":{\"showWarning\":true,\"levels\":{\"metal\":53,\"crystal\":50,\"deuter\":46},\"construction\":{\"left\":32038,\"updateAt\":1721335915973},\"resources\":{\"metal\":{\"storage\":22073194418,\"production\":521242.1747675823,\"value\":346626042},\"crystal\":{\"storage\":14142499211,\"production\":160534.49131298336,\"value\":106755413},\"deuter\":{\"storage\":9056745874,\"production\":56287.61905637124,\"value\":37431266},\"updateAt\":1721339627060}},\"[1:145:8]\":{\"showWarning\":true,\"levels\":{\"metal\":53,\"crystal\":50,\"deuter\":46},\"construction\":{\"left\":29333,\"updateAt\":1721338613786},\"resources\":{\"metal\":{\"storage\":22073194418,\"production\":521242.1747675823,\"value\":344019830.5243027},\"crystal\":{\"storage\":14142499211,\"production\":160534.49131298336,\"value\":105952741.47393896},\"deuter\":{\"storage\":9056745874,\"production\":55077.132625051425,\"value\":36350901.39787515},\"updateAt\":1721339621481}},\"[1:145:4]\":{\"showWarning\":false,\"levels\":{\"metal\":54,\"crystal\":50,\"deuter\":47},\"resources\":{\"metal\":{\"storage\":83471855370,\"production\":542617.4380085955,\"value\":2713087.190042977},\"crystal\":{\"storage\":34423710028,\"production\":184614.29000993085,\"value\":923071.4500496542},\"deuter\":{\"storage\":22073194418,\"production\":55949.80123980454,\"value\":391650.0061990227},\"updateAt\":1721349631663}},\"[1:338:7]\":{\"showWarning\":false,\"levels\":{\"metal\":53,\"crystal\":50,\"deuter\":46},\"resources\":{\"metal\":{\"storage\":22073194418,\"production\":521242.1747675823,\"value\":3514735968.1747675},\"crystal\":{\"storage\":14142499211,\"production\":160534.49131298336,\"value\":1082483865.491313},\"deuter\":{\"storage\":9056745874,\"production\":52454.4120238585,\"value\":353700030.41202384},\"updateAt\":1721345704907}},\"[2:241:9]\":{\"showWarning\":false,\"levels\":{\"metal\":53,\"crystal\":50,\"deuter\":47},\"resources\":{\"metal\":{\"storage\":22073194418,\"production\":521242.1747675823,\"value\":352880948.34953517},\"crystal\":{\"storage\":14142499211,\"production\":160534.49131298336,\"value\":108681825.98262596},\"deuter\":{\"storage\":9056745874,\"production\":66663.59296657563,\"value\":45131262.18593315},\"updateAt\":1721339638870}},\"[2:241:7]\":{\"showWarning\":true,\"levels\":{\"metal\":53,\"crystal\":50,\"deuter\":47},\"construction\":{\"left\":32459,\"updateAt\":1721335933610},\"resources\":{\"metal\":{\"storage\":22073194418,\"production\":521242.1747675823,\"value\":351838463.5243027},\"crystal\":{\"storage\":14142499211,\"production\":160534.49131298336,\"value\":108360757.47393896},\"deuter\":{\"storage\":9056745874,\"production\":61901.90775467736,\"value\":41783801.72326403},\"updateAt\":1721339636427}},\"[1:144:9]\":{\"showWarning\":true,\"levels\":{\"metal\":53,\"crystal\":50,\"deuter\":47},\"construction\":{\"left\":32093,\"updateAt\":1721335922406},\"resources\":{\"metal\":{\"storage\":22073194418,\"production\":521242.1747675823,\"value\":349232253.34953517},\"crystal\":{\"storage\":14142499211,\"production\":160534.49131298336,\"value\":107558084.98262596},\"deuter\":{\"storage\":9056745874,\"production\":67854.01426955019,\"value\":45462181.0285391},\"updateAt\":1721339631692}},\"[3:246:7]\":{\"showWarning\":false,\"levels\":{\"metal\":53,\"crystal\":50,\"deuter\":47},\"resources\":{\"metal\":{\"storage\":22073194418,\"production\":521242.1747675823,\"value\":353923432.34953517},\"crystal\":{\"storage\":14142499211,\"production\":160534.49131298336,\"value\":109002894.98262596},\"deuter\":{\"storage\":9056745874,\"production\":61901.90775467736,\"value\":42031409.81550936},\"updateAt\":1721339640974}},\"[3:226:7]\":{\"showWarning\":true,\"levels\":{\"metal\":53,\"crystal\":50,\"deuter\":46},\"construction\":{\"left\":24489,\"updateAt\":1721345667172},\"resources\":{\"metal\":{\"storage\":22073194418,\"production\":521242.1747675823,\"value\":3494928766.349535},\"crystal\":{\"storage\":14142499211,\"production\":160534.49131298336,\"value\":1076383554.982626},\"deuter\":{\"storage\":9056745874,\"production\":52656.1597624118,\"value\":353059406.3195248},\"updateAt\":1721345667181}},\"[1:236:9]\":{\"showWarning\":true,\"levels\":{\"metal\":53,\"crystal\":50,\"deuter\":46},\"construction\":{\"left\":28014,\"updateAt\":1721340118401},\"resources\":{\"metal\":{\"storage\":14142499211,\"production\":521242.1747675823,\"value\":603598430},\"crystal\":{\"storage\":9056745874,\"production\":160534.49131298336,\"value\":185898893},\"deuter\":{\"storage\":5799883738,\"production\":57094.610010584445,\"value\":66115566},\"updateAt\":1721340120196}},\"[3:189:9]\":{\"showWarning\":true,\"levels\":{\"metal\":53,\"crystal\":50,\"deuter\":46},\"construction\":{\"left\":33934,\"updateAt\":1721335944483},\"resources\":{\"metal\":{\"storage\":22073194418,\"production\":521242.1747675823,\"value\":357572126.5243027},\"crystal\":{\"storage\":14142499211,\"production\":160534.49131298336,\"value\":110126636.47393896},\"deuter\":{\"storage\":9056745874,\"production\":57296.35774913775,\"value\":39305301.07324741},\"updateAt\":1721339647467}},\"[1:287:9]\":{\"showWarning\":false,\"levels\":{\"metal\":53,\"crystal\":50,\"deuter\":47},\"resources\":{\"metal\":{\"storage\":22073194418,\"production\":521242.1747675823,\"value\":3493886281.524303},\"crystal\":{\"storage\":14142499211,\"production\":160534.49131298336,\"value\":1076062486.473939},\"deuter\":{\"storage\":9056745874,\"production\":67139.76148776546,\"value\":385461950.2844633},\"updateAt\":1721345664961}},\"[1:212:8]\":{\"showWarning\":false,\"levels\":{\"metal\":53,\"crystal\":50,\"deuter\":47},\"resources\":{\"metal\":{\"storage\":22073194418,\"production\":521242.1747675823,\"value\":3492322554.524303},\"crystal\":{\"storage\":14142499211,\"production\":160534.49131298336,\"value\":1075580883.473939},\"deuter\":{\"storage\":9056745874,\"production\":64997.00314241123,\"value\":369949170.00942725},\"updateAt\":1721345662217}},\"[1:374:7]\":{\"showWarning\":false,\"levels\":{\"metal\":53,\"crystal\":50,\"deuter\":46},\"resources\":{\"metal\":{\"storage\":22073194418,\"production\":521242.1747675823,\"value\":362784548.5243027},\"crystal\":{\"storage\":14142499211,\"production\":160534.49131298336,\"value\":111731980.47393896},\"deuter\":{\"storage\":9056745874,\"production\":52252.664285305196,\"value\":36367854.992855914},\"updateAt\":1721339657666}},\"[1:56:9]\":{\"showWarning\":true,\"levels\":{\"metal\":53,\"crystal\":50,\"deuter\":46},\"construction\":{\"left\":10021,\"updateAt\":1721335954015},\"resources\":{\"metal\":{\"storage\":22073194418,\"production\":521242.1747675823,\"value\":364348275.5243027},\"crystal\":{\"storage\":14142499211,\"production\":160534.49131298336,\"value\":112213583.47393896},\"deuter\":{\"storage\":9056745874,\"production\":55884.12357926463,\"value\":39062982.37073779},\"updateAt\":1721339660502}},\"[1:346:9]\":{\"showWarning\":true,\"levels\":{\"metal\":52,\"crystal\":50,\"deuter\":46},