{"planets":"{\"[3:242:7]\":{\"showWarning\":true,\"levels\":{\"metal\":51,\"crystal\":48,\"deuter\":45},\"construction\":{\"left\":6145,\"updateAt\":1721111657111},\"resources\":{\"metal\":{\"storage\":14142499211,\"production\":311936.508400307,\"value\":2966195690.052559},\"crystal\":{\"storage\":9056745874,\"production\":107730.43639472206,\"value\":134203721.52385198},\"deuter\":{\"storage\":5799883738,\"production\":39912.35058951714,\"value\":985153987},\"updateAt\":1721111657119}},\"[1:145:7]\":{\"showWarning\":true,\"levels\":{\"metal\":52,\"crystal\":48,\"deuter\":45},\"construction\":{\"left\":6145,\"updateAt\":1721111608917},\"resources\":{\"metal\":{\"storage\":14142499211,\"production\":367350.22342200857,\"value\":3843102689.052559},\"crystal\":{\"storage\":9056745874,\"production\":107730.43639472206,\"value\":136232661.52385196},\"deuter\":{\"storage\":5799883738,\"production\":38850.04468029045,\"value\":957267568},\"updateAt\":1721111608929}},\"[1:145:9]\":{\"showWarning\":true,\"levels\":{\"metal\":52,\"crystal\":48,\"deuter\":45},\"construction\":{\"left\":6145,\"updateAt\":1721111611790},\"resources\":{\"metal\":{\"storage\":14142499211,\"production\":367350.22342200857,\"value\":3523452946.052559},\"crystal\":{\"storage\":9056745874,\"production\":107730.43639472206,\"value\":134155852.52385198},\"deuter\":{\"storage\":5799883738,\"production\":42340.47838203529,\"value\":1046269412},\"updateAt\":1721111611797}},\"[1:145:8]\":{\"showWarning\":true,\"levels\":{\"metal\":52,\"crystal\":48,\"deuter\":45},\"construction\":{\"left\":6145,\"updateAt\":1721111605690},\"resources\":{\"metal\":{\"storage\":14142499211,\"production\":362392.88557296083,\"value\":3839565307.052559},\"crystal\":{\"storage\":9056745874,\"production\":106276.64377013184,\"value\":110494269.52385198},\"deuter\":{\"storage\":5799883738,\"production\":40870.831962686876,\"value\":1013354900},\"updateAt\":1721111605700}},\"[1:145:4]\":{\"showWarning\":true,\"levels\":{\"metal\":52,\"crystal\":48,\"deuter\":45},\"construction\":{\"left\":1962,\"updateAt\":1721112094887},\"resources\":{\"metal\":{\"storage\":14142499211,\"production\":316535.8985682437,\"value\":3208297760.971365},\"crystal\":{\"storage\":9056745874,\"production\":120676.41607097539,\"value\":504400718.32141954},\"deuter\":{\"storage\":9056745874,\"production\":34738.14671464641,\"value\":865376202.9342929},\"updateAt\":1721112094882}},\"[1:338:7]\":{\"showWarning\":true,\"levels\":{\"metal\":51,\"crystal\":48,\"deuter\":45},\"construction\":{\"left\":6145,\"updateAt\":1721111674541},\"resources\":{\"metal\":{\"storage\":14142499211,\"production\":311936.508400307,\"value\":2967010549.052559},\"crystal\":{\"storage\":9056745874,\"production\":107730.43639472206,\"value\":131342868.52385198},\"deuter\":{\"storage\":5799883738,\"production\":39457.076628419985,\"value\":973397795},\"updateAt\":1721111674550}},\"[2:241:9]\":{\"showWarning\":true,\"levels\":{\"metal\":51,\"crystal\":48,\"deuter\":45},\"construction\":{\"left\":6145,\"updateAt\":1721111649684},\"resources\":{\"metal\":{\"storage\":14142499211,\"production\":311936.508400307,\"value\":2964012133.052559},\"crystal\":{\"storage\":9056745874,\"production\":107730.43639472206,\"value\":133449609.52385198},\"deuter\":{\"storage\":5799883738,\"production\":42492.23636906767,\"value\":1050966090},\"updateAt\":1721111649692}},\"[2:241:7]\":{\"showWarning\":true,\"levels\":{\"metal\":51,\"crystal\":48,\"deuter\":45},\"construction\":{\"left\":6145,\"updateAt\":1721111646488},\"resources\":{\"metal\":{\"storage\":14142499211,\"production\":311936.508400307,\"value\":2965164387.052559},\"crystal\":{\"storage\":9056745874,\"production\":107730.43639472206,\"value\":135418687.52385196},\"deuter\":{\"storage\":5799883738,\"production\":39457.076628419985,\"value\":973453542},\"updateAt\":1721111646496}},\"[1:144:9]\":{\"showWarning\":true,\"levels\":{\"metal\":52,\"crystal\":48,\"deuter\":45},\"construction\":{\"left\":6145,\"updateAt\":1721111619235},\"resources\":{\"metal\":{\"storage\":14142499211,\"production\":367350.22342200857,\"value\":3402933325.052559},\"crystal\":{\"storage\":9056745874,\"production\":107730.43639472206,\"value\":132509965.52385198},\"deuter\":{\"storage\":5799883738,\"production\":43251.0263042296,\"value\":1069463992},\"updateAt\":1721111619245}},\"[3:246:7]\":{\"showWarning\":true,\"levels\":{\"metal\":51,\"crystal\":48,\"deuter\":45},\"construction\":{\"left\":6145,\"updateAt\":1721111652811},\"resources\":{\"metal\":{\"storage\":14142499211,\"production\":311936.508400307,\"value\":2964947943.052559},\"crystal\":{\"storage\":9056745874,\"production\":107730.43639472206,\"value\":133772800.52385198},\"deuter\":{\"storage\":5799883738,\"production\":39457.076628419985,\"value\":973329741},\"updateAt\":1721111652822}},\"[3:226:7]\":{\"showWarning\":true,\"levels\":{\"metal\":51,\"crystal\":48,\"deuter\":45},\"construction\":{\"left\":6145,\"updateAt\":1721111661313},\"resources\":{\"metal\":{\"storage\":14142499211,\"production\":311936.508400307,\"value\":2965043436.052559},\"crystal\":{\"storage\":9056745874,\"production\":107730.43639472206,\"value\":132234643.52385198},\"deuter\":{\"storage\":5799883738,\"production\":39608.83461545237,\"value\":977134843},\"updateAt\":1721111661322}},\"[1:236:9]\":{\"showWarning\":true,\"levels\":{\"metal\":51,\"crystal\":48,\"deuter\":45},\"construction\":{\"left\":6145,\"updateAt\":1721111602930},\"resources\":{\"metal\":{\"storage\":14142499211,\"production\":311936.508400307,\"value\":7622104239.052559},\"crystal\":{\"storage\":9056745874,\"production\":107730.43639472206,\"value\":138173706.52385196},\"deuter\":{\"storage\":5799883738,\"production\":42947.51033016483,\"value\":2131822151},\"updateAt\":1721111602938}},\"[3:189:9]\":{\"showWarning\":false,\"levels\":{\"metal\":51,\"crystal\":48,\"deuter\":45},\"resources\":{\"metal\":{\"storage\":14142499211,\"production\":303846.0658193192,\"value\":3430357912.263277},\"crystal\":{\"storage\":9056745874,\"production\":104936.34006171772,\"value\":910080967.3602469},\"deuter\":{\"storage\":5799883738,\"production\":41981.41985940247,\"value\":484045461.67943764},\"updateAt\":1721112030787}},\"[1:287:9]\":{\"showWarning\":true,\"levels\":{\"metal\":51,\"crystal\":48,\"deuter\":45},\"construction\":{\"left\":6144,\"updateAt\":1721111669390},\"resources\":{\"metal\":{\"storage\":14142499211,\"production\":311936.508400307,\"value\":2965450865.560959},\"crystal\":{\"storage\":9056745874,\"production\":107730.43639472206,\"value\":130804216.9602467},\"deuter\":{\"storage\":5799883738,\"production\":42795.752343132444,\"value\":1058797534.7523432},\"updateAt\":1721111669404}},\"[1:212:8]\":{\"showWarning\":true,\"levels\":{\"metal\":51,\"crystal\":48,\"deuter\":45},\"construction\":{\"left\":6145,\"updateAt\":1721111677288},\"resources\":{\"metal\":{\"storage\":14142499211,\"production\":311936.508400307,\"value\":2967634423.052559},\"crystal\":{\"storage\":9056745874,\"production\":107730.43639472206,\"value\":131558328.52385198},\"deuter\":{\"storage\":5799883738,\"production\":41429.93045984098,\"value\":1024070588},\"updateAt\":1721111677297}},\"[1:374:7]\":{\"showWarning\":true,\"levels\":{\"metal\":51,\"crystal\":48,\"deuter\":45},\"construction\":{\"left\":6145,\"updateAt\":1721111680021},\"resources\":{\"metal\":{\"storage\":14142499211,\"production\":311936.508400307,\"value\":2966170233.052559},\"crystal\":{\"storage\":9056745874,\"production\":107730.43639472206,\"value\":129481519.52385198},\"deuter\":{\"storage\":5799883738,\"production\":39305.3186413876,\"value\":969302831},\"updateAt\":1721111680034}},\"[1:56:9]\":{\"showWarning\":true,\"levels\":{\"metal\":51,\"crystal\":48,\"deuter\":45},\"construction\":{\"left\":6145,\"updateAt\":1721111684065},\"resources\":{\"metal\":{\"storage\":14142499211,\"production\":311936.508400307,\"value\":2967417979.052559},\"crystal\":{\"storage\":9056745874,